,Component,E_F [kW],E_P [kW],E_D [kW],E_L [kW],ε [%],y [%],y* [%]
0,AC,29695.490879623765,27594.26918920793,2101.221690415833,0.0,92.92410521538935,2.466356097106514,5.310397123744588
1,APH,16240.988126897495,13683.489689563323,2557.4984373341726,0.0,84.25281505440809,3.0019211647349877,6.463540904583426
4,CC,84181.39702106698,58783.59480335308,25397.8022177139,0.0,69.82967363756399,29.811240117346934,64.18761830870424
5,DRUM,18113.540975538537,18104.37480558285,9.166169955685735,0.0,99.94939603488868,0.01075899761573759,0.023165572100483395
2,EV,15168.289108185914,10576.869135973502,4591.419972212411,0.0,69.73013937521439,5.389282194494033,11.603851000374444
6,EXP,62690.50113651927,59695.49087962377,2995.0102568954976,0.0,95.22254535759197,3.515460477913167,7.569260267180966
3,PH,4128.544571871738,2212.5925779499917,1915.9519939217466,0.0,53.59255639444094,2.248891634579081,4.842166823311831
TOT,TOT,85195.38978499292,42753.64646216909,39568.070738449256,2873.672584374577,50.18305165345942,46.44391068379045,99.99999999999999
