{
    "components": {
        "Compressor": {
            "AC": {
                "name": "AC",
                "type": "Compressor",
                "parameters": {
                    "P": 29695490.879623864,
                    "pr": 10.0,
                    "dp": -9.116999999999999,
                    "eta_s": 0.86
                }
            }
        },
        "HeatExchanger": {
            "APH": {
                "name": "APH",
                "type": "HeatExchanger",
                "parameters": {
                    "Q": -23922624.464190926,
                    "kA": 139019.82882290173,
                    "td_log": 172.0806640804177,
                    "ttd_u": 161.32890134579748,
                    "ttd_l": 183.2998343507811,
                    "ttd_min": 161.32890134579748,
                    "pr1": 0.97,
                    "pr2": 0.95,
                    "dp1": 0.03297883884970143,
                    "dp2": 0.5065000000000008,
                    "zeta1": 0.1936532056378222,
                    "zeta2": 34.93410275583911,
                    "eff_cold": 0.5866071815313042,
                    "eff_hot": 0.5527191067107974,
                    "eff_max": 0.5866071815313042
                }
            },
            "EV": {
                "name": "EV",
                "type": "HeatExchanger",
                "parameters": {
                    "Q": -27406521.329528775,
                    "kA": 196367.81181923795,
                    "td_log": 139.56727976760897,
                    "ttd_u": 309.27788208678413,
                    "ttd_l": 47.347079617483416,
                    "ttd_min": 47.347079617483416,
                    "pr1": 0.9746794344808963,
                    "pr2": 1.0,
                    "dp1": 0.026999718811423268,
                    "dp2": 0.0,
                    "zeta1": 0.20986467298035463,
                    "zeta2": 0.0,
                    "eff_cold": 0.3623641585481799,
                    "eff_hot": 0.8515531270408503,
                    "eff_max": 0.8515531270408503
                }
            },
            "PH": {
                "name": "PH",
                "type": "HeatExchanger",
                "parameters": {
                    "Q": -10276097.33576827,
                    "kA": 110509.97096285076,
                    "td_log": 92.98796521467463,
                    "ttd_u": 62.34707961748455,
                    "ttd_l": 132.3237625426368,
                    "ttd_min": 62.34707961748455,
                    "pr1": 0.9746794344808963,
                    "pr2": 1.0,
                    "dp1": 0.02631607066226116,
                    "dp2": 0.0,
                    "zeta1": 0.27446208253008125,
                    "zeta2": 0.0,
                    "eff_cold": 0.26018494357385685,
                    "eff_hot": 0.33465021533486117,
                    "eff_max": 0.33465021533486117
                }
            }
        },
        "CombustionChamber": {
            "CC": {
                "name": "CC",
                "type": "DiabaticCombustionChamber",
                "parameters": {
                    "lamb": 3.183881144157596,
                    "ti": 82374460.13679731,
                    "pr": 0.95,
                    "dp": 0.4811749999999986,
                    "eta": 0.9800000000000233,
                    "Qloss": -1647489.202734027
                }
            }
        },
        "Drum": {
            "DRUM": {
                "name": "DRUM",
                "type": "Drum",
                "parameters": {}
            }
        },
        "Turbine": {
            "EXP": {
                "name": "EXP",
                "type": "Turbine",
                "parameters": {
                    "P": -59695490.879623875,
                    "pr": 0.12024234845330767,
                    "dp": 8.043030371676615,
                    "eta_s": 0.8599999999999904
                }
            }
        }
    },
    "connections": {
        "1": {
            "source_component": "ambient air",
            "source_connector": 0,
            "target_component": "AC",
            "target_connector": 0,
            "mass_composition": {
                "O2": 0.22997585111067764,
                "N2": 0.7576155344954176,
                "CH4": 0.0,
                "CO2": 0.0004608534530315664,
                "H2O": 0.011947760940873214
            },
            "kind": "material",
            "m": 90.93944269221045,
            "T": 298.15,
            "p": 101299.99999999999,
            "h": 327381.6035266853,
            "s": 6911.112368122053,
            "v": 77.66677906429787,
            "e_T": 0.0,
            "e_M": 0.0,
            "e_PH": 0.0,
            "e_CH": -432.4551235970402,
            "e_CH_unit": "J / kg",
            "E_PH": 0.0,
            "E_CH": -39327.22792930582,
            "E": -39327.22792930582,
            "E_unit": "W"
        },
        "10": {
            "source_component": "methane",
            "source_connector": 0,
            "target_component": "CC",
            "target_connector": 1,
            "mass_composition": {
                "O2": 0.0,
                "N2": 0.0,
                "CH4": 1.0,
                "CO2": 0.0,
                "H2O": 0.0
            },
            "kind": "material",
            "m": 1.6466229264313683,
            "T": 298.1500000000005,
            "p": 1200000.0,
            "h": 899139.9590977627,
            "s": 5366.980364340879,
            "v": 0.20766556157801272,
            "e_T": -1.0846633813343941e-09,
            "e_M": 379051.8734263716,
            "e_PH": 379051.8734263705,
            "e_CH": 51384297.00551026,
            "e_CH_unit": "J / kg",
            "E_PH": 624155.5050906228,
            "E_CH": 84610561.5078319,
            "E": 85234717.01292253,
            "E_unit": "W"
        },
        "11": {
            "source_component": "DRUM",
            "source_connector": 0,
            "target_component": "EV",
            "target_connector": 1,
            "mass_composition": {
                "water": 1.0
            },
            "kind": "material",
            "m": 29.004763168002874,
            "T": 485.52722542466364,
            "p": 2000000.0,
            "h": 908498.0773277595,
            "s": 2446.754200378806,
            "v": 0.034131342914211556,
            "e_T": 181655.285200538,
            "e_M": 1903.5058427343524,
            "e_PH": 183558.79104327236,
            "e_CH": 2497.8812416223836,
            "e_CH_unit": "J / kg",
            "E_PH": 5324079.261615042,
            "E_CH": 72450.4538350542,
            "E": 5396529.715450096,
            "E_unit": "W"
        },
        "11P": {
            "source_component": "EV",
            "source_connector": 1,
            "target_component": "DRUM",
            "target_connector": 1,
            "mass_composition": {
                "water": 1.0
            },
            "kind": "material",
            "m": 29.004763168002874,
            "T": 485.52722542466364,
            "p": 2000000.0,
            "h": 1853395.3402629306,
            "s": 4392.880418344691,
            "v": 1.4612861221438953,
            "e_T": 546315.0162491805,
            "e_M": 1903.5058427343524,
            "e_PH": 548218.5220919149,
            "e_CH": 2497.8812416223836,
            "e_CH_unit": "J / kg",
            "E_PH": 15900948.397588544,
            "E_CH": 72450.4538350542,
            "E": 15973398.851423597,
            "E_unit": "W"
        },
        "2": {
            "source_component": "AC",
            "source_connector": 0,
            "target_component": "APH",
            "target_connector": 1,
            "mass_composition": {
                "O2": 0.22997585111067764,
                "N2": 0.7576155344954176,
                "CH4": 0.0,
                "CO2": 0.0004608534530315664,
                "H2O": 0.011947760940873214
            },
            "kind": "material",