{
    "components": {
        "Compressor": {
            "AC": {
                "name": "AC",
                "type": "Compressor",
                "parameters": {
                    "P": 29695490.931968987,
                    "pr": 10.0,
                    "dp": -9.116999999999999,
                    "eta_s": 0.8599999999999999
                }
            }
        },
        "HeatExchanger": {
            "APH": {
                "name": "APH",
                "type": "HeatExchanger",
                "parameters": {
                    "Q": -23922624.458862115,
                    "kA": 139019.82880185268,
                    "td_log": 172.08066406814123,
                    "ttd_u": 161.32890134576314,
                    "ttd_l": 183.29983432520953,
                    "ttd_min": 161.32890134576314,
                    "pr1": 0.9699999999999999,
                    "pr2": 0.95,
                    "dp1": 0.03297883884970165,
                    "dp2": 0.5065000000000008,
                    "zeta1": 0.19365320527163457,
                    "zeta2": 34.93410268832686,
                    "eff_cold": 0.5866071812646982,
                    "eff_hot": 0.5527191064582578,
                    "eff_max": 0.5866071812646982
                }
            },
            "EV": {
                "name": "EV",
                "type": "HeatExchanger",
                "parameters": {
                    "Q": -27406521.329528674,
                    "kA": 196367.81099431557,
                    "td_log": 139.56728035391725,
                    "ttd_u": 309.2778823304795,
                    "ttd_l": 47.34708011376,
                    "ttd_min": 47.34708011376,
                    "pr1": 0.9746794344808963,
                    "pr2": 1.0,
                    "dp1": 0.026999718811423268,
                    "dp2": 0.0,
                    "zeta1": 0.2098646724945193,
                    "zeta2": 0.0,
                    "eff_cold": 0.36236415847323283,
                    "eff_hot": 0.8515531255982227,
                    "eff_max": 0.8515531255982227
                }
            },
            "PH": {
                "name": "PH",
                "type": "HeatExchanger",
                "parameters": {
                    "Q": -10276097.33576909,
                    "kA": 110509.97029734636,
                    "td_log": 92.98796577466683,
                    "ttd_u": 62.3470801137571,
                    "ttd_l": 132.32376313979626,
                    "ttd_min": 62.3470801137571,
                    "pr1": 0.9746794344808963,
                    "pr2": 1.0,
                    "dp1": 0.02631607066226116,
                    "dp2": 0.0,
                    "zeta1": 0.27446208173631476,
                    "zeta2": 0.0,
                    "eff_cold": 0.2601849434598962,
                    "eff_hot": 0.3346502148582393,
                    "eff_max": 0.3346502148582393
                }
            }
        },
        "CombustionChamber": {
            "CC": {
                "name": "CC",
                "type": "DiabaticCombustionChamber",
                "parameters": {
                    "lamb": 3.183881144157664,
                    "ti": 82374460.20902762,
                    "pr": 0.95,
                    "dp": 0.4811749999999986,
                    "eta": 0.9799999999999922,
                    "Q_loss": -1647489.204181194
                }
            }
        },
        "Drum": {
            "DRUM": {
                "name": "DRUM",
                "type": "Drum",
                "parameters": {}
            }
        },
        "Turbine": {
            "EXP": {
                "name": "EXP",
                "type": "Turbine",
                "parameters": {
                    "P": -59695490.931968994,
                    "pr": 0.12024234845330768,
                    "dp": 8.043030371676613,
                    "eta_s": 0.860000000000004
                }
            }
        },
        "Motor": {
            "motor_of_AC": {
                "name": "motor_of_AC",
                "type": "Motor",
                "type_index": null
            }
        },
        "Generator": {
            "generator_of_EXP": {
                "name": "generator_of_EXP",
                "type": "Generator",
                "type_index": null
            }
        }
    },
    "connections": {
        "1": {
            "source_component": "ambient air",
            "source_connector": 0,
            "target_component": "AC",
            "target_connector": 0,
            "mass_composition": {
                "O2": 0.22997585111067764,
                "N2": 0.7576155344954176,
                "CO2": 0.0004608534530315664,
                "H2O": 0.011947760940873214,
                "CH4": 0.0
            },
            "kind": "material",
            "m": 90.93944277195291,
            "T": 298.15,
            "p": 101299.99999999999,
            "h": 327381.6035266853,
            "s": 6911.112368122053,
            "v": 77.66677913240189,
            "e_T": 0.0,
            "e_M": 0.0,
            "e_PH": 0.0,
            "e_CH": -432.4551235970402,
            "e_CH_unit": "J / kg",
            "E_PH": 0.0,
            "E_CH": -39327.22796379086,
            "E": -39327.22796379086,
            "E_unit": "W"
        },
        "10": {
            "source_component": "methane",
            "source_connector": 0,
            "target_component": "CC",
            "target_connector": 1,
            "mass_composition": {
                "O2": 0,
                "N2": 0,
                "CO2": 0,
                "H2O": 0,
                "CH4": 1
            },
            "kind": "material",
            "m": 1.6466229278752147,
            "T": 298.15000000000094,
            "p": 1200000.0,
            "h": 899139.9590977639,
            "s": 5366.980364340882,
            "v": 0.2076655617601053,
            "e_T": -1.0051735443994401e-09,
            "e_M": 379051.8734263716,
            "e_PH": 379051.8734263706,
            "e_CH": 51384297.00551026,
            "e_CH_unit": "J / kg",
            "E_PH": 624155.5056379157,
            "E_CH": 84610561.58202294,
            "E": 85234717.08766085,
            "E_unit": "W"
        },
        "11": {
            "source_component": "DRUM",
            "source_connector": 0,
            "target_component": "EV",
            "target_connector": 1,
            "mass_composition": {
                "water": 1
            },
            "kind": "material",
            "m": 29.004763168002768,
            "T": 485.52722542466364,
            "p": 2000000.0,
            "h": 908498.0773277595,
            "s": 2446.754200378806,
            "v": 0.03413134291421143,
            "e_T": 181655.285200538,
            "e_M": 1903.5058427343524,
            "e_PH": 183558.79104327236,
            "e_CH": 2497.8812416223836,
            "e_CH_unit": "J / kg",
            "E_PH": 5324079.261615022,
            "E_CH": 72450.45383505394,
            "E": 5396529.715450076,
            "E_unit": "W"
        },
        "11P": {
            "source_component": "EV",
            "source_connector": 1,
            "target_component": "DRUM",
            "target_connector": 1,
            "mass_composition": {
                "water": 1
            },
            "kind": "material",
            "m": 29.004763168002768,
            "T": 485.52722542466364,
            "p": 2000000.0,
            "h": 1853395.3402629306,
            "s": 4392.880418344691,
            "v": 1.46128612214389,
            "e_T": 546315.0162491805,
            "e_M": 1903.5058427343524,
            "e_PH": 548218.5220919149,
            "e_CH": 2497.8812416223836,
            "e_CH_unit": "J / kg",
            "E_PH": 15900948.397588486,
            "E_CH": 72450.45383505394,
            "E": 15973398.85142354,
            "E_unit": "W"
        },
        "2": {
            "source_component": "AC",
            "source_connector": 0,