,Component,E_F [kW],E_P [kW],E_D [kW],E_L [kW],ε [%],y [%],y* [%]
0,AC,29695.490879618057,27594.269189203784,2101.2216904142724,0.0,92.92410521539324,2.4663560971049163,5.310397123741451
1,APH,16240.988126897737,13683.489689563497,2557.4984373342395,0.0,84.2528150544079,3.001921164735352,6.463540904584578
4,CC,84181.39702105899,58783.59480334756,25397.802217711433,0.0,69.82967363756404,29.81124011734687,64.18761830870778
5,DRUM,18113.54097553853,18104.37480558285,9.166169955678285,0.0,99.94939603488872,0.010758997615729867,0.02316557210046809
2,EV,15168.289108185098,10576.869135973504,4591.419972211594,0.0,69.73013937521816,5.389282194493585,11.603851000374144
6,EXP,62690.50113651334,59695.49087961805,2995.010256895289,0.0,95.22254535759186,3.5154604779132557,7.5692602671815905
3,PH,4128.544571870726,2212.59257794999,1915.9519939207364,0.0,53.59255639445403,2.2488916345781087,4.8421668233100155
TOT,TOT,85195.38978498483,42753.64646216927,39568.07073844323,2873.6725843723216,50.1830516534644,46.44391068378782,100.00000000000003
