{
    "components": {
        "Compressor": {
            "AC": {
                "name": "AC",
                "type": "Compressor",
                "parameters": {
                    "P": 29695490.879618056,
                    "pr": 10.0,
                    "dp": -9.116999999999999,
                    "eta_s": 0.8599999999999998
                }
            }
        },
        "HeatExchanger": {
            "APH": {
                "name": "APH",
                "type": "HeatExchanger",
                "parameters": {
                    "Q": -23922624.464191407,
                    "kA": 139019.82882290348,
                    "td_log": 172.080664080419,
                    "ttd_u": 161.32890134579736,
                    "ttd_l": 183.29983435078395,
                    "ttd_min": 161.32890134579736,
                    "pr1": 0.97,
                    "pr2": 0.95,
                    "dp1": 0.03297883884970143,
                    "dp2": 0.5065000000000008,
                    "zeta1": 0.19365320563786376,
                    "zeta2": 34.93410275584677,
                    "eff_cold": 0.5866071815313325,
                    "eff_hot": 0.552719106710825,
                    "eff_max": 0.5866071815313325
                }
            },
            "EV": {
                "name": "EV",
                "type": "HeatExchanger",
                "parameters": {
                    "Q": -27406521.32952878,
                    "kA": 196367.81181932916,
                    "td_log": 139.56727976754416,
                    "ttd_u": 309.27788208675787,
                    "ttd_l": 47.34707961742839,
                    "ttd_min": 47.34707961742839,
                    "pr1": 0.9746794344808963,
                    "pr2": 1.0,
                    "dp1": 0.026999718811423268,
                    "dp2": 0.0,
                    "zeta1": 0.20986467298040945,
                    "zeta2": 0.0,
                    "eff_cold": 0.362364158548188,
                    "eff_hot": 0.8515531270410104,
                    "eff_max": 0.8515531270410104
                }
            },
            "PH": {
                "name": "PH",
                "type": "HeatExchanger",
                "parameters": {
                    "Q": -10276097.33576817,
                    "kA": 110509.9709629237,
                    "td_log": 92.98796521461236,
                    "ttd_u": 62.34707961742953,
                    "ttd_l": 132.32376254257008,
                    "ttd_min": 62.34707961742953,
                    "pr1": 0.9746794344808963,
                    "pr2": 1.0,
                    "dp1": 0.02631607066226116,
                    "dp2": 0.0,
                    "zeta1": 0.2744620825301705,
                    "zeta2": 0.0,
                    "eff_cold": 0.26018494357386746,
                    "eff_hot": 0.33465021517279797,
                    "eff_max": 0.33465021517279797
                }
            }
        },
        "CombustionChamber": {
            "CC": {
                "name": "CC",
                "type": "DiabaticCombustionChamber",
                "parameters": {
                    "lamb": 3.1838811441575925,
                    "ti": 82374460.13678919,
                    "pr": 0.95,
                    "dp": 0.4811749999999986,
                    "eta": 0.9800000000000244,
                    "Qloss": -1647489.2027337733
                }
            }
        },
        "Drum": {
            "DRUM": {
                "name": "DRUM",
                "type": "Drum",
                "parameters": {}
            }
        },
        "Turbine": {
            "EXP": {
                "name": "EXP",
                "type": "Turbine",
                "parameters": {
                    "P": -59695490.87961805,
                    "pr": 0.12024234845330767,
                    "dp": 8.043030371676615,
                    "eta_s": 0.8599999999999897
                }
            }
        }
    },
    "connections": {
        "1": {
            "source_component": "ambient air",
            "source_connector": 0,
            "target_component": "AC",
            "target_connector": 0,
            "mass_composition": {
                "H2O": 0.011947760940873214,
                "O2": 0.22997585111067764,
                "CH4": 0.0,
                "CO2": 0.0004608534530315664,
                "N2": 0.7576155344954176
            },
            "kind": "material",
            "m": 90.93944269220137,
            "T": 298.15,
            "p": 101299.99999999999,
            "h": 327381.60352668527,
            "s": 6911.112368122052,
            "v": 77.6667790642901,
            "e_T": 0.0,
            "e_M": 0.0,
            "e_PH": 0.0,
            "e_CH": -432.4551235970402,
            "e_CH_unit": "J / kg",
            "E_PH": 0.0,
            "E_CH": -39327.227929301895,
            "E": -39327.227929301895,
            "E_unit": "W"
        },
        "10": {
            "source_component": "methane",
            "source_connector": 0,
            "target_component": "CC",
            "target_connector": 1,
            "mass_composition": {
                "H2O": 0.0,
                "O2": 0.0,
                "CH4": 1.0,
                "CO2": 0.0,
                "N2": 0.0
            },
            "kind": "material",
            "m": 1.646622926431206,
            "T": 298.1500000000005,
            "p": 1200000.0,
            "h": 899139.9590977627,
            "s": 5366.980364340879,
            "v": 0.20766556157799224,
            "e_T": -1.0846633813343941e-09,
            "e_M": 379051.8734263716,
            "e_PH": 379051.8734263705,
            "e_CH": 51384297.00551026,
            "e_CH_unit": "J / kg",
            "E_PH": 624155.5050905612,
            "E_CH": 84610561.50782357,
            "E": 85234717.01291414,
            "E_unit": "W"
        },
        "11": {
            "source_component": "DRUM",
            "source_connector": 0,
            "target_component": "EV",
            "target_connector": 1,
            "mass_composition": {
                "water": 1.0
            },
            "kind": "material",
            "m": 29.00476316800287,
            "T": 485.52722542466364,
            "p": 2000000.0,
            "h": 908498.0773277595,
            "s": 2446.754200378806,
            "v": 0.034131342914211556,
            "e_T": 181655.28520051157,
            "e_M": 1903.50584276068,
            "e_PH": 183558.79104327224,
            "e_CH": 2497.8812416223836,
            "e_CH_unit": "J / kg",
            "E_PH": 5324079.261615038,
            "E_CH": 72450.4538350542,
            "E": 5396529.715450092,
            "E_unit": "W"
        },
        "11P": {
            "source_component": "EV",
            "source_connector": 1,
            "target_component": "DRUM",
            "target_connector": 1,
            "mass_composition": {
                "water": 1.0
            },
            "kind": "material",
            "m": 29.00476316800287,
            "T": 485.52722542466364,
            "p": 2000000.0,
            "h": 1853395.3402629306,
            "s": 4392.880418344691,
            "v": 1.461286122143895,
            "e_T": 546315.0162491542,
            "e_M": 1903.50584276068,
            "e_PH": 548218.5220919149,
            "e_CH": 2497.8812416223836,
            "e_CH_unit": "J / kg",
            "E_PH": 15900948.397588542,
            "E_CH": 72450.4538350542,
            "E": 15973398.851423595,
            "E_unit": "W"
        },
        "2": {
            "source_component": "AC",
            "source_connector": 0,
            "target_component": "APH",
            "target_connector": 1,
            "mass_composition": {
                "H2O": 0.011947760940873214,
                "O2": 0.22997585111067764,
                "CH4": 0.0,
                "CO2": 0.0004608534530315664,
                "N2": 0.7576155344954176
            },
            "kind": "material",