,Component,E_F [kW],E_P [kW],E_D [kW],E_L [kW],ε [%],y [%],y* [%]
1,AC,29659.713796087617,27559.225365455157,2100.488430632457,0.0,92.9180421460792,2.468809758184761,5.322173973347204
3,APH,16660.40686393539,14100.843767692368,2559.563096243022,0.0,84.63685120569485,3.0083833152995276,6.48536782935904
0,CC,84064.32252443641,58749.976467591914,25314.346056844504,0.0,69.88693265268871,29.753224847987376,64.14096444010207
4,EV,15154.532539290096,10567.702962345029,4586.829576945067,0.0,69.73295240184338,5.391131630885869,11.622013546271127
6,EXP,62653.83525303397,59659.712793107865,2994.1224599260986,0.0,95.22116651305697,3.519142804342896,7.58644532235528
2,GEN,29999.99899701561,29999.998997014263,1.3485550880432128e-09,0.0,99.99999999999551,1.5850246601017141e-12,3.4169408821963686e-12
5,PH,4097.331355210477,2185.9434962692444,1911.387858941233,0.0,53.350420231193475,2.2465503399174382,4.843034871068466
TOT,TOT,85081.01621312778,42753.64545562854,39466.73748643781,2860.6332710614342,50.2505110523489,46.38724269661945,99.9999999825066
