{
    "components": {
        "Compressor": {
            "COMP": {
                "name": "COMP",
                "type": "Compressor",
                "parameters": {
                    "P": 894071.1991893452,
                    "pr": 41.81818181818182,
                    "dp": -22.45,
                    "eta_s": 0.7999999999999982
                },
                "exergy_results": {
                    "E_F": 894071.1991893452,
                    "E_P": 768252.0696627162,
                    "E_D": 125819.129526629,
                    "epsilon": 0.8592739262368486,
                    "y": 0.07747929337234172,
                    "y_star": 0.11054293168211786
                }
            },
            "FAN": {
                "name": "FAN",
                "type": "Compressor",
                "parameters": {
                    "P": 705412.8114140007,
                    "pr": 1.0296150049358341,
                    "dp": -0.030000000000000027,
                    "eta_s": 0.8500000000000021
                },
                "exergy_results": {
                    "E_F": 705412.8114140007,
                    "E_P": 600557.2491446562,
                    "E_D": 104855.56226934446,
                    "epsilon": 0.851355744363132,
                    "y": 0.06456994974733911,
                    "y_star": 0.09212463398880066
                }
            }
        },
        "HeatExchanger": {
            "COND": {
                "name": "COND",
                "type": "HeatExchanger",
                "parameters": {
                    "Q": -2105685.1641108543,
                    "kA": 269688.8486079955,
                    "td_log": 7.807831784589505,
                    "ttd_u": 11.510002463746503,
                    "ttd_l": 5.0,
                    "ttd_min": 5.0,
                    "pr1": 0.9978260869565218,
                    "pr2": 0.9900990099009901,
                    "dp1": 0.05000000000000071,
                    "dp2": 0.04999999999999982,
                    "zeta1": 13103.101849520663,
                    "zeta2": 59235.324517765584,
                    "eff_cold": 0.8113761568424979,
                    "eff_hot": 0.963552232313618,
                    "eff_max": 0.963552232313618
                },
                "exergy_results": {
                    "E_F": 575346.5838091436,
                    "E_P": 483864.5163798297,
                    "E_D": 91482.0674293139,
                    "epsilon": 0.8409965923085054,
                    "y": 0.056334565080296675,
                    "y_star": 0.08037486801907372
                }
            },
            "EVA": {
                "name": "EVA",
                "type": "HeatExchanger",
                "parameters": {
                    "Q": -1211613.9649214647,
                    "kA": 233997.92339588268,
                    "td_log": 5.177883407416528,
                    "ttd_u": 4.999999999999886,
                    "ttd_l": 5.3599365985077725,
                    "ttd_min": 4.999999999999886,
                    "pr1": 0.9712368168744008,
                    "pr2": 0.9166666666666666,
                    "dp1": 0.030000000000000027,
                    "dp2": 0.04999999999999993,
                    "zeta1": 0.07375179382513643,
                    "zeta2": 227.81922333018304,
                    "eff_cold": 0.9626483444458291,
                    "eff_hot": 0.4717968160490697,
                    "eff_max": 0.9626483444458291
                },
                "exergy_results": {
                    "E_F": 648857.6330204547,
                    "E_P": 1796.195466309024,
                    "E_D": 647061.4375541457,
                    "epsilon": 0.0027682427930263718,
                    "y": 0.3984597822191755,
                    "y_star": 0.5684991507634166
                }
            }
        },
        "Motor": {
            "MOT1": {
                "name": "MOT1",
                "type": "Motor",
                "parameters": {
                    "eta": 0.985,
                    "delta_power": 10742.327077370835
                },
                "exergy_results": {
                    "E_F": 716155.1384913876,
                    "E_P": 705412.8114140168,
                    "E_D": 10742.327077370835,
                    "epsilon": 0.985,
                    "y": 0.006615114206088282,
                    "y_star": 0.009438058685419875
                }
            },
            "MOT2": {
                "name": "MOT2",
                "type": "Motor",
                "parameters": {
                    "eta": 0.985,
                    "delta_power": 13615.297449583886
                },
                "exergy_results": {
                    "E_F": 907686.4966389281,
                    "E_P": 894071.1991893442,
                    "E_D": 13615.297449583886,
                    "epsilon": 0.985,
                    "y": 0.008384286470720977,
                    "y_star": 0.011962210368674689
                }
            },
            "MOT3": {
                "name": "MOT3",
                "type": "Motor",
                "parameters": {
                    "eta": 0.985,
                    "delta_power": 0.9732448358841026
                },
                "exergy_results": {
                    "E_F": 64.88298905893998,
                    "E_P": 63.90974422305588,
                    "E_D": 0.9732448358841026,
                    "epsilon": 0.985,
                    "y": 5.993231907284939e-07,
                    "y_star": 8.550793333881749e-07
                }
            }
        },
        "Pump": {
            "PUMP": {
                "name": "PUMP",
                "type": "Pump",
                "parameters": {
                    "P": 63.90974422218278,
                    "pr": 1.01,
                    "dp": -0.04999999999999982,
                    "eta_s": 0.8000000000036431
                },
                "exergy_results": {
                    "E_F": 63.90974422218278,
                    "E_P": 53.36273971337505,
                    "E_D": 10.547004508807731,
                    "epsilon": 0.8349703220194251,
                    "y": 6.494834764886639e-06,
                    "y_star": 9.266451001962827e-06
                }
            }
        },
        "Valve": {
            "VAL": {
                "name": "VAL",
                "type": "Valve",
                "parameters": {
                    "pr": 0.026143790849673203,
                    "dp": 22.349999999999998,
                    "zeta": 334364.34542611486
                },
                "exergy_results": {
                    "E_F": 144605.1019777742,
                    "E_P": NaN,
                    "E_D": 144605.1019777742,
                    "epsilon": NaN,
                    "y": 0.08904767630666295,
                    "y_star": 0.1270480249621471
                }
            }
        },
        "CycleCloser": {
            "cc": {
                "name": "cc",
                "type": "CycleCloser",
                "parameters": {
                    "mass_deviation": 0.0,
                    "fluid_deviation": 0.0
                },
                "exergy_results": {
                    "E_F": null,
                    "E_P": null,
                    "E_D": null,
                    "epsilon": null,
                    "y": null,
                    "y_star": null
                }
            }
        }
    },
    "connections": {
        "11": {
            "source_component": "air inlet",
            "source_connector": 0,
            "target_component": "FAN",
            "target_connector": 0,
            "mass_composition": {
                "O2": 0.2314,
                "CO2": 0.0005,
                "Ar": 0.0129,
                "N2": 0.7552
            },
            "kind": "material",
            "m": 251.7781582598156,
            "T": 283.15,
            "p": 101299.99999999999,