{
    "components": {
        "Compressor": {
            "COMP": {
                "name": "COMP",
                "type": "Compressor",
                "parameters": {
                    "P": 894071.1991893897,
                    "pr": 41.81818181818182,
                    "dp": -22.45,
                    "eta_s": 0.7999999999999986
                }
            },
            "FAN": {
                "name": "FAN",
                "type": "Compressor",
                "parameters": {
                    "P": 705412.8114141036,
                    "pr": 1.0296150049358341,
                    "dp": -0.030000000000000027,
                    "eta_s": 0.8499999999999948
                }
            }
        },
        "HeatExchanger": {
            "COND": {
                "name": "COND",
                "type": "HeatExchanger",
                "parameters": {
                    "Q": -2105685.1641109693,
                    "kA": 269688.84860801045,
                    "td_log": 7.8078317845894984,
                    "ttd_u": 11.510002463746787,
                    "ttd_l": 4.9999999999998295,
                    "ttd_min": 4.9999999999998295,
                    "pr1": 0.9978260869565218,
                    "pr2": 0.9900990099009901,
                    "dp1": 0.05000000000000071,
                    "dp2": 0.04999999999999982,
                    "zeta1": 13103.101849519293,
                    "zeta2": 59235.32451776541,
                    "eff_cold": 0.8113761568425372,
                    "eff_hot": 0.9635522323136192,
                    "eff_max": 0.9635522323136192
                }
            },
            "EVA": {
                "name": "EVA",
                "type": "HeatExchanger",
                "parameters": {
                    "Q": -1211613.9649215403,
                    "kA": 233997.9233958938,
                    "td_log": 5.177883407416605,
                    "ttd_u": 5.000000000000114,
                    "ttd_l": 5.359936598507716,
                    "ttd_min": 5.000000000000114,
                    "pr1": 0.9712368168744008,
                    "pr2": 0.9166666666666666,
                    "dp1": 0.030000000000000027,
                    "dp2": 0.04999999999999993,
                    "zeta1": 0.0737517938251485,
                    "zeta2": 227.81922333015956,
                    "eff_cold": 0.9626483444458295,
                    "eff_hot": 0.47179681604910584,
                    "eff_max": 0.9626483444458295
                }
            }
        },
        "Pump": {
            "PUMP": {
                "name": "PUMP",
                "type": "Pump",
                "parameters": {
                    "P": 63.90974422218278,
                    "pr": 1.01,
                    "dp": -0.04999999999999982,
                    "eta_s": 0.8000000000036431
                }
            }
        },
        "Valve": {
            "VAL": {
                "name": "VAL",
                "type": "Valve",
                "parameters": {
                    "pr": 0.026143790849673203,
                    "dp": 22.349999999999998,
                    "zeta": 334364.3454260814
                }
            }
        },
        "CycleCloser": {
            "cc": {
                "name": "cc",
                "type": "CycleCloser",
                "parameters": {
                    "mass_deviation": 0.0,
                    "fluid_deviation": 0.0
                }
            }
        },
        "Motor": {
            "motor 1": {
                "name": "motor 1",
                "type": "Motor",
                "parameters": {
                    "eta": 0.985,
                    "delta_power": 0.9732448358841026
                }
            },
            "motor 2": {
                "name": "motor 2",
                "type": "Motor",
                "parameters": {
                    "eta": 0.9849999999999999,
                    "delta_power": 10742.327077372349
                }
            },
            "motor 3": {
                "name": "motor 3",
                "type": "Motor",
                "parameters": {
                    "eta": 0.985,
                    "delta_power": 13615.297449584585
                }
            }
        }
    },
    "connections": {
        "11": {
            "source_component": "air inlet",
            "source_connector": 0,
            "target_component": "FAN",
            "target_connector": 0,
            "mass_composition": {
                "O2": 0.2314,
                "N2": 0.7552,
                "Ar": 0.0129,
                "CO2": 0.0005
            },
            "kind": "material",
            "m": 251.77815825979482,
            "T": 283.15,
            "p": 101299.99999999999,
            "h": 283525.0619401179,
            "s": 6807.108745686481,
            "v": 201.96628210160196,
            "e_T": 0.0,
            "e_M": 0.0,
            "e_PH": 0.0,
            "E_PH": 0.0,
            "E": 0.0,
            "E_unit": "W"
        },
        "12": {
            "source_component": "FAN",
            "source_connector": 0,
            "target_component": "EVA",
            "target_connector": 0,
            "mass_composition": {
                "O2": 0.2314,
                "N2": 0.7552,
                "Ar": 0.0129,
                "CO2": 0.0005
            },
            "kind": "material",
            "m": 251.77815825979482,
            "T": 285.94158788780936,
            "p": 104299.99999999999,
            "h": 286326.7855538328,
            "s": 6808.5795566384895,
            "v": 198.09345848692084,
            "e_T": 13.744834542467743,
            "e_M": 2371.518658111089,
            "e_PH": 2385.2634926535566,
            "E_PH": 600557.2491446381,
            "E": 600557.2491446381,
            "E_unit": "W"
        },
        "13": {
            "source_component": "EVA",
            "source_connector": 0,
            "target_component": "air outlet",
            "target_connector": 0,
            "mass_composition": {
                "O2": 0.2314,
                "N2": 0.7552,
                "Ar": 0.0129,
                "CO2": 0.0005
            },
            "kind": "material",
            "m": 251.77815825979482,
            "T": 281.15,
            "p": 101299.99999999999,
            "h": 281514.5573077617,
            "s": 6799.983057279585,
            "v": 200.53689845981765,
            "e_T": 7.134040056170534,
            "e_M": 0.0,
            "e_PH": 7.134040056170534,
            "E_PH": 1796.19546629422,
            "E": 1796.19546629422,
            "E_unit": "W"
        },
        "21": {
            "source_component": "water inlet",
            "source_connector": 0,
            "target_component": "PUMP",
            "target_connector": 0,
            "mass_composition": {
                "water": 1.0
            },
            "kind": "material",
            "m": 10.0,
            "T": 343.1499999999962,
            "p": 500000.0,
            "h": 293448.5704790148,
            "s": 954.852600322908,
            "v": 0.010225569891548703,
            "e_T": 23341.857781450293,
            "e_M": 398.7806711486754,
            "e_PH": 23740.638452598967,
            "E_PH": 237406.38452598968,
            "E": 237406.38452598968,
            "E_unit": "W"
        },
        "22": {
            "source_component": "PUMP",
            "source_connector": 0,
            "target_component": "COND",
            "target_connector": 1,
            "mass_composition": {
                "water": 1.0
            },
            "kind": "material",
            "m": 10.0,
            "T": 343.1505495421133,
            "p": 505000.0,
            "h": 293454.961453437,
            "s": 954.8563252053056,
            "v": 0.010225550105450742,
            "e_T": 23342.193525773037,
            "e_M": 403.7812007972469,
            "e_PH": 23745.974726570283,
            "E_PH": 237459.7472657028,