{
    "components": {
        "Compressor": {
            "COMP": {
                "name": "COMP",
                "type": "Compressor",
                "parameters": {
                    "P": 894071.1991891904,
                    "pr": 41.81818181818182,
                    "dp": -22.45,
                    "eta_s": 0.7999999999999969
                }
            },
            "FAN": {
                "name": "FAN",
                "type": "Compressor",
                "parameters": {
                    "P": 705412.8114137505,
                    "pr": 1.0296150049358341,
                    "dp": -0.030000000000000027,
                    "eta_s": 0.85
                }
            }
        },
        "HeatExchanger": {
            "COND": {
                "name": "COND",
                "type": "HeatExchanger",
                "parameters": {
                    "Q": -2105685.1641101693,
                    "kA": 269688.84860787995,
                    "td_log": 7.80783178459031,
                    "ttd_u": 11.51000246374889,
                    "ttd_l": 4.9999999999998295,
                    "ttd_min": 4.9999999999998295,
                    "pr1": 0.9978260869565218,
                    "pr2": 0.9900990099009901,
                    "dp1": 0.05000000000000071,
                    "dp2": 0.04999999999999982,
                    "zeta1": 13103.101849525136,
                    "zeta2": 59235.32451776563,
                    "eff_cold": 0.8113761568424281,
                    "eff_hot": 0.9635522323136121,
                    "eff_max": 0.9635522323136121
                }
            },
            "EVA": {
                "name": "EVA",
                "type": "HeatExchanger",
                "parameters": {
                    "Q": -1211613.964920972,
                    "kA": 233997.92339578405,
                    "td_log": 5.177883407416605,
                    "ttd_u": 5.000000000000057,
                    "ttd_l": 5.3599365985077725,
                    "ttd_min": 5.000000000000057,
                    "pr1": 0.9712368168744008,
                    "pr2": 0.9166666666666666,
                    "dp1": 0.030000000000000027,
                    "dp2": 0.04999999999999993,
                    "zeta1": 0.07375179382520707,
                    "zeta2": 227.8192233302423,
                    "eff_cold": 0.9626483444458193,
                    "eff_hot": 0.47179681604908774,
                    "eff_max": 0.9626483444458193
                }
            }
        },
        "Pump": {
            "PUMP": {
                "name": "PUMP",
                "type": "Pump",
                "parameters": {
                    "P": 63.90974439505953,
                    "pr": 1.01,
                    "dp": -0.04999999999999982,
                    "eta_s": 0.7999999999981784
                }
            }
        },
        "Valve": {
            "VAL": {
                "name": "VAL",
                "type": "Valve",
                "parameters": {
                    "pr": 0.026143790849673203,
                    "dp": 22.349999999999998,
                    "zeta": 334364.3454261341
                }
            }
        },
        "CycleCloser": {
            "cc": {
                "name": "cc",
                "type": "CycleCloser",
                "parameters": {
                    "mass_deviation": 0.0,
                    "fluid_deviation": 0.0
                }
            }
        },
        "Motor": {
            "motor_of_COMP": {
                "name": "motor_of_COMP",
                "type": "Motor",
                "type_index": null
            },
            "motor_of_PUMP": {
                "name": "motor_of_PUMP",
                "type": "Motor",
                "type_index": null
            },
            "motor_of_FAN": {
                "name": "motor_of_FAN",
                "type": "Motor",
                "type_index": null
            }
        },
        "Generator": {}
    },
    "connections": {
        "11": {
            "source_component": "air inlet",
            "source_connector": 0,
            "target_component": "FAN",
            "target_connector": 0,
            "mass_composition": {
                "Ar": 0.0129,
                "CO2": 0.0005,
                "N2": 0.7552,
                "O2": 0.2314
            },
            "kind": "material",
            "m": 251.77815825969495,
            "T": 283.15,
            "p": 101299.99999999999,
            "h": 283525.06194011786,
            "s": 6807.108745686481,
            "v": 201.96628210152176,
            "e_T": 0.0,
            "e_M": 0.0,
            "e_PH": 0.0,
            "E_PH": 0.0,
            "E": 0.0,
            "E_unit": "W"
        },
        "12": {
            "source_component": "FAN",
            "source_connector": 0,
            "target_component": "EVA",
            "target_connector": 0,
            "mass_composition": {
                "Ar": 0.0129,
                "CO2": 0.0005,
                "N2": 0.7552,
                "O2": 0.2314
            },
            "kind": "material",
            "m": 251.77815825969495,
            "T": 285.94158788780896,
            "p": 104299.99999999999,
            "h": 286326.7855538324,
            "s": 6808.579556638489,
            "v": 198.0934584868419,
            "e_T": 13.744834542575518,
            "e_M": 2371.5186581109474,
            "e_PH": 2385.263492653523,
            "E_PH": 600557.2491443914,
            "E": 600557.2491443914,
            "E_unit": "W"
        },
        "13": {
            "source_component": "EVA",
            "source_connector": 0,
            "target_component": "air outlet",
            "target_connector": 0,
            "mass_composition": {
                "Ar": 0.0129,
                "CO2": 0.0005,
                "N2": 0.7552,
                "O2": 0.2314
            },
            "kind": "material",
            "m": 251.77815825969495,
            "T": 281.15,
            "p": 101299.99999999999,
            "h": 281514.5573077617,
            "s": 6799.983057279585,
            "v": 200.53689845973804,
            "e_T": 7.134040056228741,
            "e_M": 0.0,
            "e_PH": 7.134040056228741,
            "E_PH": 1796.195466308163,
            "E": 1796.195466308163,
            "E_unit": "W"
        },
        "21": {
            "source_component": "water inlet",
            "source_connector": 0,
            "target_component": "PUMP",
            "target_connector": 0,
            "mass_composition": {
                "water": 1
            },
            "kind": "material",
            "m": 10.0,
            "T": 343.15000000000515,
            "p": 500000.0,
            "h": 293448.57047906204,
            "s": 954.8526003230088,
            "v": 0.010225569891548476,
            "e_T": 23341.857781468978,
            "e_M": 398.7806711486754,
            "e_PH": 23740.63845261765,
            "E_PH": 237406.38452617652,
            "E": 237406.38452617652,
            "E_unit": "W"
        },
        "22": {
            "source_component": "PUMP",
            "source_connector": 0,
            "target_component": "COND",
            "target_connector": 1,
            "mass_composition": {
                "water": 1
            },
            "kind": "material",
            "m": 10.0,
            "T": 343.1505495421334,
            "p": 505000.0,
            "h": 293454.96145350154,
            "s": 954.8563252055131,
            "v": 0.010225550105450707,
            "e_T": 23342.193525760347,
            "e_M": 403.78120081571893,
            "e_PH": 23745.974726576067,
            "E_PH": 237459.74726576067,
            "E": 237459.74726576067,
            "E_unit": "W"
        },
        "23": {
            "source_component": "COND",
            "source_connector": 1,
            "target_component": "water outlet",
            "target_connector": 0,